Th,Tc,Tr,Tn,M,Mn,D,Dn,C,N,IFNg,HMGB1,IL10,I2,IL6
235.9751219,11188.00776,2522.434377,13057.0491,12453.50789,1424.631349,10,3384.282327,118247.9336,19707.98893,0.038528388,0.363045809,0.041315205,0.051429889,0.060712383